precision_at_1,precision_at_3,precision_at_5,precision_at_7
0.2857142857142857,0.7142857142857143,0.8571428571428571,1.0
